{"cameraMode":{"drawMode":0,"name":"Shaded","section":"Shading Mode"},"sceneLighting":false,"audioPlay":false,"sceneViewState":{"showFog":true,"showMaterialUpdate":true,"showSkybox":false,"showFlares":true,"showImageEffects":true,"showParticleSystems":true},"in2DMode":false,"pivot":{"x":535.3782348632813,"y":1640.98828125,"z":-602.3230590820313},"rotation":{"x":-0.037805479019880298,"y":-0.00841447152197361,"z":0.00033798813819885254,"w":-0.9993732571601868},"size":293.70025634765627,"orthographic":false}