{"cameraMode":{"drawMode":0,"name":"Shaded","section":"Shading Mode"},"sceneLighting":false,"audioPlay":false,"sceneViewState":{"showFog":true,"showMaterialUpdate":true,"showSkybox":false,"showFlares":true,"showImageEffects":true,"showParticleSystems":true},"in2DMode":false,"pivot":{"x":690.1814575195313,"y":912.1047973632813,"z":656.3694458007813},"rotation":{"x":0.011685187928378582,"y":-0.03391385078430176,"z":-0.0003357580862939358,"w":-0.9994621276855469},"size":875.0719604492188,"orthographic":false}