{"cameraMode":{"drawMode":0,"name":"Shaded","section":"Shading Mode"},"sceneLighting":false,"audioPlay":false,"sceneViewState":{"showFog":true,"showMaterialUpdate":true,"showSkybox":false,"showFlares":true,"showImageEffects":true,"showParticleSystems":true},"in2DMode":false,"pivot":{"x":580.933837890625,"y":968.8150024414063,"z":1681.935791015625},"rotation":{"x":-0.004810711368918419,"y":-0.017421415075659753,"z":0.00011091880151070654,"w":-0.9999641180038452},"size":1101.45361328125,"orthographic":false}