{"cameraMode":{"drawMode":0,"name":"Shaded","section":"Shading Mode"},"sceneLighting":false,"audioPlay":false,"sceneViewState":{"showFog":true,"showMaterialUpdate":true,"showSkybox":false,"showFlares":true,"showImageEffects":true,"showParticleSystems":true},"in2DMode":false,"pivot":{"x":-28.00039291381836,"y":1.243811845779419,"z":7.499855041503906},"rotation":{"x":-0.1114007905125618,"y":-0.14350858330726624,"z":0.016287831589579583,"w":-0.9833417534828186},"size":2.2357399463653566,"orthographic":false}